display_name,score
"EPYC 9B45","2950.43"
"Ryzen Threadripper PRO 9995WX","2640.38"
"Ryzen Threadripper PRO 9985WX","2578.83"
"EPYC 9645","2373.52"
"Ryzen Threadripper 9980X","2215.42"
"Ryzen Threadripper 7980X","2204.29"
"Xeon 6761P","1641.95"
"Ryzen Threadripper 9970X","1376.93"
"Xeon 678X","1204.09"
"EPYC 7763","1182.05"
"EPYC 9355P","1152.03"
"Ryzen Threadripper PRO 7975WX","1134.2"
"Apple M5 Ultra","1133.85"
"Ryzen Threadripper 7970X","1103.75"
"Xeon 6731P","955.16"
"Ryzen Threadripper 9960X","904.58"
"Ryzen Threadripper 7960X","880.29"
"Ryzen Threadripper PRO 7965WX","874.58"
"EPYC 9555P","849.31"
"Ryzen Threadripper PRO 5975WX","761.97"
"Ryzen Threadripper 3970X","742.84"
"Ryzen 9 9950X3D2","723.23"
"EPYC 7642","684.3"
"Ryzen 9 9950X3D","679.93"
"Apple M3 Ultra","679.02"
"Ryzen Threadripper PRO 3975WX","672.13"
"Ryzen 9 9950X","662.86"
"Ryzen Threadripper PRO 5995WX","655.57"
"Xeon Gold 6430","652.86"
"Ryzen Threadripper PRO 9975WX","649.94"
"Ryzen 9 9955HX","637.85"
"Ryzen 9 9955HX3D","637.06"
"Ultra 7 270K Plus","619.83"
"i9-14900KF","595.96"
"Apple M5 Max","584.86"
"Ryzen 9 7950X","578.38"
"Ultra 9 285K","575.38"
"Ryzen 9 7950X3D","573.66"
"EPYC 7532","569.94"
"Xeon w7-3455","564.84"
"Ultra 9 290HX Plus","556.9"
"i9-13900K","556.41"
"Ryzen 9 9900X3D","542.45"
"i9-14900KS","540.6"
"Ryzen Threadripper 3960X","537.01"
"i9-13900KS","527.56"
"i9-14900K","527.13"
"i9-14900F","522.91"
"Xeon Gold 6314U","515.99"
"Ryzen 9 8945HX","514.64"
"i9-13900KF","513"
"Ryzen 9 9900X","511.24"
"Ultra 9 275HX","506.02"
"Apple M2 Ultra","500.74"
"Apple M5 Pro","500.55"
"Ryzen 9 7945HX3D","499.42"
"Ultra 7 265K","480.36"
"Ryzen 9 8940HX","480.09"
"Ryzen 9 7945HX","475.48"
"Ryzen 9 7940HX","472.33"
"Ultra 7 265KF","468.17"
"EPYC 7402","463.88"
"Ultra 9 285HX","451.54"
"i7-14700K","449.1"
"Xeon W-3275M","447.42"
"Ryzen 9 7900X","444.1"
"4X Xeon E5-4620 v4","442.95"
"Ultra 9 285","439.37"
"Ultra 5 250KF Plus","439.29"
"i7-14700KF","436.5"
"Ryzen 9 7900X3D","426.42"
"Ryzen 9 5950X","419.51"
"Ryzen 9 7900","416.51"
"Ryzen 9 5900XT","410.54"
"Ultra 7 265","405.02"
"Apple M4 Max","403.67"
"i9-12900KS","396.62"
"Eng Sample: 100-000000870-32_Y","395.19"
"i9-13980HX","391.67"
"i9-13900","388.18"
"i9-13900HX","385.83"
"i7-13700K","384.45"
"Ultra 7 255HX","379.92"
"i7-13700KF","378.51"
"Ryzen 7 9850X3D","378.4"
"Ryzen Threadripper PRO 3955WX","369.7"
"Ryzen 7 9800X3D","368.25"
"i9-10980XE","367.8"
"Apple M1 Ultra","367.38"
"Ryzen Threadripper 2970WX","366.56"
"Ryzen 9 3950X","366.15"
"i9-14900HX","362.2"
"Apple M4 Pro","361.8"
"Ultra 5 250K Plus","344.07"
"i9-14900","338.48"
"Apple M6","336.74"
"i7-14700HX","334.13"
"Apple M3 Max","331.25"
"i9-12900K","330.85"
"Ultra 5 245KF","328.77"
"i5-14600KF","326.81"
"Xeon Platinum 8160","322.27"
"Xeon Gold 6248","321.63"
"Ultra 7 251HX","320.94"
"Ryzen 7 9700X","320.73"
"i5-14600K","319.92"
"i9-12900KF","319.79"
"Ryzen 9 5900X","318.49"
"Genuine 0000","315.48"
"i7-14700F","315.29"
"i5-13600K","314.84"
"i7-14700","314.04"
"Xeon w5-2455X","313.29"
"i5-13600KF","308.93"
"Ryzen 7 7700X","300.91"
"i7-12700K","300.88"
"i9-10920X","300.61"
"i7-12700KF","299.65"
"i9-7980XE","298.46"
"Ryzen 7 7800X3D","296.12"
"i7-14650HX","293.16"
"7 251E","290.87"
"i7-12850HX","290.47"
"Ultra 9 386H","288.9"
"7 245HX","288.03"
"Xeon E5-2699 v4","287.77"
"Ryzen 7 7700","286.15"
"Ryzen 7 7700X3D","283.6"
"i9-13950HX","283.47"
"Xeon w5-2445","283.13"
"Eng Sample: 100-000000721-32_Y","281.33"
"Ryzen 9 3900X","280.97"
"Ryzen Threadripper 2950X","280.94"
"Ryzen Threadripper 1950X","275.19"
"Ultra 9 285H","273.53"
"Ultra 7 356H","271.75"
"Ultra 5 245K","271.53"
"i7-13700F","267.01"
"Ultra 7 265F","265.11"
"Ryzen 7 8745HX","264.85"
"Xeon E5-2697A v4","264.69"
"Xeon E5-2698 v4","263.71"
"i5-13500","263.33"
"Ryzen 5 9600X","262.28"
"i7-12700","261.19"
"Ryzen Threadripper PRO 3945WX","258.72"
"i7-13645HX","258.6"
"Xeon E5-2696 v3","256.68"
"Ryzen 7 8700F","255.58"
"Ryzen 7 8845H","252.78"
"i7-12700F","248.63"
"Xeon E5-2697 v4","247.76"
"Ryzen 7 260","244.39"
"Ultra X7 358H","244.11"
"Apple M2 Max","244.03"
"Ryzen 7 5800XT","243.31"
"Ultra X9 388H","243.18"
"i5-12600K","242.41"
"i7-11700K","241.99"
"Apple M5","241.32"
"Ryzen 7 8845HS","241.17"
"Ryzen 7 PRO 8845HS","240.16"
"i9-11900KF","239.97"
"Ryzen 9 7940HS","235.82"
"i5-14500","234.44"
"i9-9920X","232.97"
"i7-13700HX","231.21"
"Ryzen 7 H 255","228.42"
"Ultra 5 230F","227.12"
"Ultra 5 225","223.69"
"i9-10900KF","223.17"
"i9-13900HK","222.91"
"Xeon E5-2680 v4","222.74"
"Ryzen 7 5800X3D","222.65"
"Ryzen 5 7500X3D","222.51"
"Ryzen 7 5800X","221.69"
"Ryzen 7 5700X","221.54"
"Ryzen 7 5700X3D","221.39"
"i5-14500HX","220.34"
"Ultra 5 225F","219.78"
"Ryzen 7 8745H","218.81"
"Ryzen 5 7600X","217.82"
"i9-13900H","217.39"
"Ryzen 7 250","216.72"
"Ryzen 7 7840HS","216.55"
"Ryzen 9 270","215.31"
"i9-10850K","215.15"
"Ryzen 9 7845HX","214.84"
"Ryzen 5 9600","214.46"
"Ultra 7 165H","214.25"
"Apple M4","213.79"
"Apple M3 Pro","213.76"
"Ultra 5 338H","213.41"
"i5-14400","213.12"
"Xeon W-2175","212.9"
"i5-14400F","212.82"
"Xeon E5-2690 v4","211.72"
"Xeon E5-2699 v3","209.98"
"Ultra 7 255H","209.61"
"i7-13650HX","209.56"
"7 240H","209.04"
"Ryzen 7 5800","208.11"
"Ryzen 7 255","207.99"
"i9-11900K","207.98"
"Ryzen 5 7600X3D","207.79"
"XEON SILVER 4510","207.76"
"Ryzen 5 7600","207.68"
"Ultra 5 225H","207.46"
"Ryzen 9 8945HS","206.86"
"Ryzen 9 6900HX","205.25"
"i7-14700T","205.23"
"Ultra 9 185H","204.97"
"Ryzen 5 7500F","201.98"
"i5-13450HX","201.76"
"i7-6950X","201.58"
"Ryzen 7 PRO 7840U","201.01"
"i7-13850HX","199.84"
"Apple M1 Max","199.83"
"Ryzen 7 5700","199.4"
"Ultra X7 368H","197.84"
"i5-13400F","197.62"
"i7-10700K","196.14"
"Xeon W-2255","195.35"
"Ryzen 7 7840U","193.16"
"i9-12900H","192.99"
"Ryzen 7 3800X","192.59"
"Ultra 5 225T","191.86"
"Xeon E5-2682 v4","191.84"
"Apple M2 Pro","191.32"
"i7-10700KF","190.72"
"Ryzen 7 7840H","189.99"
"Apple M1 Pro","188.07"
"i7-12700H","187.37"
"Ryzen 5 8400F","185.52"
"i9-9900K","183.12"
"i7-12800H","179.24"
"Ryzen 7 7435HS","177.5"
"Ryzen 5 5600X3D","177.1"
"i9-10900X","177.04"
"Ryzen 5 7640U","176.6"
"i7-13700H","175.49"
"Ryzen 5 7640HS","175.41"
"i9-10900K","172.55"
"Ryzen 7 2700X","172.42"
"Ryzen 7 3700X","172.14"
"Ultra 5 135H","171.86"
"i5-13500T","171.4"
"Ryzen 7 7735HS","170.68"
"Xeon E5-2667 v4","169.64"
"i9-11900H","169.41"
"i7-10700F","169.25"
"i5-12400F","168.03"
"Xeon E5-2670 v3","167.53"
"i9-12950HX","167.47"
"i7-12650HX","167.43"
"BC-250","166.73"
"Ryzen 5 5600XT","166.2"
"Ryzen 7 170","165.72"
"Ryzen 7 5800HS","164.69"
"Ryzen 9 6900HS","164.16"
"i5-14450HX","163.06"
"Ryzen 7 5800H","162.59"
"Ryzen 7 6800H","161.8"
"Custom 1772","161.54"
"4700S Desktop Kit","161.13"
"i5-12400","160.04"
"Xeon W-10885M","159.99"
"Ryzen 5 5600X","159.98"
"Xeon E5-1660 v3","159.34"
"i5-12500H","158.18"
"i7-11850H","156.75"
"Ultra 7 268V","156.27"
"Ryzen 5 5600","153.82"
"i7-13620H","153.43"
"i7-9800X","153.09"
"i7-10700","151.72"
"Ryzen 9 4900HS","151.26"
"Xeon E5-2678 v3","151.21"
"Ryzen 5 7535HS","149.87"
"Ryzen 9 5900HX","149.74"
"Ryzen 5 8645HS","148.07"
"Apple M3","145.59"
"i5-11400","144.25"
"Ryzen 7 5700U","143.79"
"Ryzen 7 PRO 8840U","142.66"
"Ryzen 5 7533HS","142.48"
"i5-11400F","141.72"
"Ryzen 5 5500","141.66"
"Ryzen 7 4800H","141.14"
"Ryzen 5 3600X","140.37"
"Ultra 5 125H","138.24"
"Ryzen 7 2700","138.13"
"i5-13500H","137.97"
"Ryzen 7 7445HS","137.9"
"Ryzen 5 3600","136.78"
"i5-12500T","136.26"
"Ryzen 5 3600XT","135.48"
"Ryzen 7 1700X","135.46"
"i7-12650H","135.45"
"i9-11950H","133.02"
"i7-9700K","132.63"
"Ultra 7 355","132.51"
"Ryzen 7 8840HS","131.75"
"Xeon W-2245","131"
"Ultra 7 255U","130.06"
"i9-10980HK","129.94"
"Xeon W-11855M","128.94"
"i7-8700K","128.7"
"Ultra 7 258V","128.42"
"i7-11700","126.1"
"Ryzen 5 4600H","125.47"
"i5-10400F","125.19"
"Ryzen 5 2600","124.82"
"Xeon E E-2434","124.12"
"Xeon W-10855M","123.45"
"i5-13420H","122.09"
"i7-11800H","121.89"
"i7-1265U","121.64"
"Ultra 5 325","121.34"
"Ryzen 7 7730U","121.1"
"Ultra 9 288V","120.92"
"i7-7800X","120.43"
"i5-12450HX","120.18"
"Ryzen 5 4500","119.61"
"5 120U","119.36"
"i5-11400H","118.03"
"Ultra 7 155H","117.6"
"i7-9700F","117.05"
"Ryzen 5 220","116.94"
"Ryzen 5 8640HS","116.17"
"i7-8700","115.2"
"Ryzen 5 5600H","114.94"
"i3-13100","114.02"
"Xeon E5-2650 v4","113.28"
"Ryzen 5 1600X","112.8"
"i5-12450H","112.5"
"5 210H","112.35"
"Ryzen 9 5900HS","112.1"
"Ryzen 5 6600H","112.01"
"Ryzen 5 7430U","111.96"
"i7-6850K","110.74"
"i7-1260P","110.67"
"Ultra 5 226V","110.14"
"Ryzen 5 7530U","109.23"
"i7-5960X","108.1"
"Xeon W-2235","107.81"
"i3-12100F","107.26"
"Ultra 7 256V","106.56"
"Ryzen 5 5625U","105.55"
"i7-10850H","103.4"
"Ultra 5 225U","102.76"
"i5-9600K","102.39"
"Ryzen 7 1700","102.04"
"Ryzen 7 PRO 4750U","101.52"
"i5-1340P","101.2"
"Apple M2","100.17"
"Ryzen 7 5825U","99.94"
"8X EPYC 9634","99.14"
"Ryzen 3 3100","98.97"
"Xeon W-2133","98.45"
"i7-10750H","97.95"
"EPYC 9354","97.77"
"Apple M1","97.57"
"i7-5820K","95.95"
"Xeon E5-2697 v2","95.57"
"Xeon E5-1650 v4","93.88"
"i7-1355U","93.87"
"Ryzen 3 3300X","93.86"
"i9-12900HK","92.44"
"Ryzen 5 5500U","91.7"
"Xeon W-3235","90.1"
"i9-10885H","89.72"
"3 100U","87.57"
"i5-9500","87.38"
"i5-9400F","85.91"
"Ultra 5 322","85.01"
"i7-7700K","84.83"
"Ryzen 7 PRO 5850U","84.59"
"i5-8400","84.43"
"Ryzen 5 PRO 4650U","83.92"
"i7-4790K","82.25"
"i5-8600K","81.89"
"i7-9750H","81.07"
"Xeon Platinum 8370C","80.96"
"i7-6700K","80.58"
"i7-9750HF","78.97"
"i7-10875H","78.88"
"i7-10710U","78.75"
"i3-1215U","77.96"
"i7-7700","77.66"
"i5-1240P","77.61"
"i7-8750H","77.6"
"i7-9850H","77.41"
"Xeon E3-1245 v6","76.72"
"Xeon E5-2651 v2","76.5"
"i7-1255U","76.11"
"i5-8500","75.97"
"Ryzen 7 6800HS Creator Edition","75.84"
"i3-10100F","75.24"
"Apple A18 Pro","73.47"
"Ryzen 3 5300U","73.21"
"i3-1315U","72.9"
"Xeon E3-1280 v3","72.43"
"i7-6700","72.17"
"7 150U","69.44"
"i5-11300H","68.99"
"i5-10300H","68.02"
"i5-1235U","67.52"
"i5-9300H","66.98"
"i7-4770K","66.51"
"i7-1365U","66.07"
"i7-1185G7","66.01"
"Xeon W-2125","65.9"
"i7-4770","65.24"
"Ryzen 7 4700U","64.63"
"5 320","63.54"
"i5-8600","63.44"
"Xeon E5-1620 v3","63.12"
"i7-4720HQ","62.65"
"i7-7700HQ","61.43"
"i7-4770S","61.28"
"i7-4910MQ","59.36"
"i7-6820HQ","58.65"
"i7-4790","57.93"
"i5-1135G7","57.49"
"3 304","57.48"
"i5-1245U","57.16"
"Ryzen 7 PRO 3700U","57.1"
"Ryzen 5 7520U","56.95"
"Ryzen 5 PRO 3500U","55.95"
"i5-10310U","55.5"
"i3-9100F","55.44"
"i7-10870H","53.61"
"i7-7820HQ","53.44"
"i5-6600K","51.63"
"i5-9300HF","51.24"
"Ryzen 3 1200","50.42"
"FX-8350","50.2"
"i5-8250U","49.96"
"Xeon X5650","49.72"
"i7-3770K","49.5"
"i5-7500","49.36"
"FX-9590","49.33"
"Ryzen 5 3500U","49.28"
"i5-6600","48.72"
"FX-8370","48.19"
"Xeon E3-1230 V2","47.87"
"i3-8100","47.61"
"i7-1065G7","47.04"
"i5-11320H","46.47"
"Xeon E3-1240 V2","46.28"
"i5-6400","45.21"
"i5-4570","45.09"
"Ryzen 5 3550H","44.7"
"i7-2600","44.55"
"Xeon E3-1280 V2","44.51"
"i5-1035G1","44.41"
"i7-1165G7","44.31"
"i7-3770","44.14"
"i7-8665U","43.14"
"i5-6500","42.13"
"i5-7400","42.09"
"i5-10210U","40.42"
"i7-2600S","40.38"
"Ryzen 5 5600U","39.85"
"i7-1195G7","39.24"
"i5-7260U","39.06"
"i5-1335U","39.03"
"i5-4590","38.84"
"i7-3632QM","38.53"
"i5-4460","38.43"
"i5-8365U","38.43"
"Ryzen 7 3700U","37.78"
"i5-7300HQ","37.22"
"i5-8350U","36.82"
"i7-8565U","36.34"
"FX-6350","35.98"
"Xeon W-2102","35.93"
"i5-1145G7","35.6"
"i7-10510U","34.84"
"Xeon X5670","34.33"
"i3-10110U","34.18"
"i7-8650U","34.09"
"i5-8265U","33.07"
"i5-3450","32.18"
"i5-3570","32.15"
"i3-7100","31.9"
"i5-2500K","29.65"
"i7-5500U","28.13"
"N97","27.42"
"i5-5350U","27.4"
"i7-7500U","26.79"
"i5-5300U","26.45"
"N100","26"
"Xeon E5-2609 0","25.34"
"i7-6500U","24.78"
"i5-7300U","24.58"
"i7-8550U","24.04"
"i7-4500U","23.9"
"Celeron N5095","23.88"
"i5-7200U","23.32"
"i5-6300U","23.28"
"i3-3245","23.06"
"FX-6100","22.58"
"i7-7600U","22.49"
"Ryzen 3 3200U","21.85"
"M-5Y31","19.48"
"Ryzen 5 2500U","17.86"
"i3 540","17.45"
"i3-4130","17.42"
"i7-2635QM","16.71"
"i7 860","16.54"
"i3-3210","16.29"
"i3-3220","16.07"
"i3-2100","15.96"
"Celeron 7305E","14.91"
"i3-6006U","13.19"
"i7-4710HQ","12.82"
"i5-2500S","12.46"
"i3-7020U","11.76"
"i3-3217U","11.31"
"i5-4260U","11.29"
"Celeron G550","10.38"
"i3-1005G1","10.33"
"i5-4690K","6.85"
"Pentium 2117U","6.3"
"Xeon W3503","5.49"
"Celeron N4000","5.3"
"i5-4200U","4.9"
